serie,sigma
0,0.012024854755346048
0,0.012291662601695036
0,0.012545900028020862
0,0.012788497551720917
0,0.01302027865199711
0,0.013241976714915005
0,0.013454248633597985
