volatilidade,VaR,ES
0.012027107560199006,-0.018678668448330923,-0.026993719958014858
