,Unnamed: 0,volatilidade,VaR,ES
0,0.0,0.0120108362557085,-0.0238787195392829,-0.0329711241687319
1,,0.0124784839893018,-0.0248099585777798,-0.0342471769578824
