volatilidade,VaR,ES
0.012023259972201052,-0.018671956795687845,-0.026985587601232423
