serie,sigma
0,0.012024049804895444
0,0.012290654076098589
0,0.012544710224140098
0,0.012787146374582566
0,0.013018783963586087
0,0.01324035461659882
0,0.013452513697415652
