volatilidade,VaR,ES
0.012024623229653598,-0.018673143719563568,-0.02698928239116595
