serie,sigma
0,0.012027894609516998
0,0.012294775385571667
0,0.012549076862778901
0,0.012791730416515965
0,0.013023560271654647
0,0.0132453004675158
0,0.013457608473598793
