volatilidade,VaR,ES
0.01345777526094403,-0.02675672526374453,-0.03693629799159656
