volatilidade,VaR,ES
0.012023431941071529,-0.01867198803988556,-0.026986134650974648
