volatilidade,VaR,ES
0.012023720205506369,-0.01867262241816221,-0.026986654121978648
