serie,sigma
0,0.012027780254426785
0,0.012294595982586727
0,0.012548836650712639
0,0.012791433179942972
0,0.01302320941101925
0,0.013244899055468665
0,0.013457159300774431
