volatilidade,VaR,ES
0.013291739319455417,-0.026427139091778868,-0.03647789154707474
