serie,sigma
0,0.012022745832812052
0,0.012289162376978345
0,0.012543042673536712
0,0.012785313611580971
0,0.013016795578266776
0,0.013238219301065985
0,0.01345023936882948
