volatilidade,VaR,ES
0.012212577892230708,-0.024280876316312178,-0.033519450564535924
