serie,sigma
0,0.012023359126947833
0,0.012289883519349797
0,0.012543865666829235
0,0.012786233083446886
0,0.013017806684579228
0,0.01323931764818924
0,0.013451420950475499
