volatilidade,VaR,ES
0.012022671039244927,-0.018671164225662625,-0.0269841823953184
