volatilidade,VaR,ES
0.012025334150950006,-0.018675877060968498,-0.026989765147126983
