volatilidade,VaR,ES
0.012010941006420283,-0.018654185227770976,-0.026957008547717723
