serie,sigma
0,0.01202273401375801
0,0.01228915368548362
0,0.012543036980644427
0,0.01278531080258486
0,0.013016795550293185
0,0.013238221961153785
0,0.013450244632388994
