volatilidade,VaR,ES
0.012010924098569884,-0.018654231363519878,-0.02695692103965127
