serie,sigma
0,0.012022648309498746
0,0.012289065474706672
0,0.012542945962135435
0,0.012785216711204792
0,0.013016698152037163
0,0.013238121049116598
0,0.013450140023432025
