volatilidade,VaR,ES
0.013456576645950557,-0.026754435987514303,-0.036932527364839755
