serie,sigma
0,0.012026458386035645
0,0.012293397779475261
0,0.01254775112575078
0,0.012790450584026664
0,0.01302232104175302
0,0.013244097103491635
0,0.013456436724920577
