volatilidade,VaR,ES
0.012025706617335718,-0.018676169063738538,-0.02699079696927612
