serie,sigma
0,0.012022676986602957
0,0.012289092945654964
0,0.012542972611335065
0,0.012785242880188948
0,0.013016724145575009
0,0.013238147140175823
0,0.01345016645725592
