serie,sigma
0,0.012025438694735322
0,0.012292232173760133
0,0.012546457871454184
0,0.012789045997441933
0,0.013020819769621035
0,0.013242512350187948
0,0.013454780438903129
