serie,sigma
0,0.012022720781957376
0,0.012289140451563227
0,0.012543023601978058
0,0.01278529715257899
0,0.013016781516153058
0,0.013238207442063332
0,0.013450229538010736
