serie,sigma
0,0.012022669177314432
0,0.012289091627207765
0,0.012542976144549547
0,0.012785249804600203
0,0.013016733154280877
0,0.013238157059370422
0,0.013450176229384565
