serie,sigma
0,0.012022777491133492
0,0.012289198962041116
0,0.012543083880886383
0,0.012785359168510006
0,0.013016845238979186
0,0.013238272842784124
0,0.01345029658862445
