serie,sigma
0,0.012024164161286217
0,0.012290798148951489
0,0.012544882291091382
0,0.01278734489507268
0,0.01301900755063567
0,0.013240602014142882
0,0.013452783761898944
