serie,sigma
0,0.012028337105883406
0,0.012295406545451117
0,0.012549877412180131
0,0.012792683158915538
0,0.013024649781921095
0,0.013246512844442646
0,0.013458931137543255
