volatilidade,VaR,ES
0.012478483989301896,-0.02480995857777981,-0.03424717695788249
