volatilidade,VaR,ES
0.012022796159177668,-0.018671227340805143,-0.026984552854454075
