volatilidade,VaR,ES
0.012022713149221645,-0.018671202605508298,-0.026984295368389647
