volatilidade,VaR,ES
0.011863242470626647,-0.023585520461161007,-0.03256477125966525
