serie,sigma
0,0.012022727107134933
0,0.012289153208940286
0,0.012543042286616624
0,0.012785321313945162
0,0.013016810749885466
0,0.01323824138334067
0,0.013450267856147464
