volatilidade,VaR,ES
0.012010825732187438,-0.018654171662765368,-0.026956636545673533
