volatilidade,VaR,ES
0.01201083625570856,-0.02387871953928296,-0.032971124168731936
