serie,sigma
0,0.012023961280341293
0,0.012290529463398418
0,0.012544553408903108
0,0.012786960824023247
0,0.013018572787818074
0,0.013240120618235224
0,0.01345225941216356
