serie,sigma
0,0.012022699837834485
0,0.01228912116007832
0,0.01254300592582634
0,0.012785281059134537
0,0.013016766976509164
0,0.013238194430286572
0,0.013450218030555745
