volatilidade,VaR,ES
0.012022804335175453,-0.01867125424646694,-0.02698456149847965
