serie,sigma
0,0.012025893701261352
0,0.01229275165881403
0,0.012547037624940421
0,0.01278968224838884
0,0.013021509119801966
0,0.01324325172062759
0,0.013455567026284842
