volatilidade,VaR,ES
0.012022671152173082,-0.018671187128330425,-0.026984167119373622
