volatilidade,VaR,ES
0.01202282066991649,-0.018671280546048236,-0.02698459752428051
