,volatilidade,VaR,ES
0,0.0120108257321874,-0.0186541716627653,-0.0269566365456735
