volatilidade,VaR,ES
0.012022823165019396,-0.018671272843405144,-0.026984611033667477
