volatilidade,VaR,ES
0.012023160853812621,-0.01867169838582066,-0.02698543650612963
