volatilidade,VaR,ES
0.013457633584505265,-0.0267564250620509,-0.03693600406082532
