,volatilidade,VaR,ES
0,0.0120108362557085,-0.0238787195392829,-0.0329711241687319
